text,community,environment,personal,hypothesize,tinker,identity,disruption
"Hi everyone, welcome to Ignite! Today we’re going to design a project that helps our community and protects our environment. Who has an idea on how we can support our local community or reduce pollution?",1,1,0,0,0,0,0
I think we should design a water filter to protect our water from pollution and algae blooms. It could help reduce water pollution for everyone!,0,1,0,0,1,0,0
"That’s cool! Maybe we can build a model of a water filter using a coffee filter, some sand, and charcoal, like a mini pollution control system.",0,1,0,1,1,0,0
I wonder what if we also design something for power during a blackout? Imagine combining a light device powered by renewable energy with the water filter. That would support our community and save our planet!,1,1,0,1,0,0,0
"I love that idea, Liam! It shows we care for nature and understand climate change. Maybe we can even include climate resilience in our design to fight global warming.",0,1,0,0,0,0,0
"Yes, and we could experiment with different materials through trial and error to prototype it. I’m excited to tinker with ideas until we get it right.",0,0,0,0,1,0,0
"I also had an idea—what if we organize a community event at the community center? We could invite city residents and people from rural communities to join the community, share our project, and build community ties.",1,0,1,1,0,0,0
That sounds awesome! I talked with my brother about doing a community project back home. It would be cool to connect with neighbors and even host a local competition for ideas.,0,0,1,0,0,0,0
"My mom said that even simple things, like using a coffee filter as part of our water filter, can make a big difference. We could show how a small change helps protect our water.",0,1,1,0,0,0,0
"I suppose if we combine our ideas, we could design a solution that uses a water filter for pollution control and a light device to support safety during emergencies. It’d be a win for our community!",0,1,0,1,0,0,0
Exactly! Combining our skills shows how STEM connects us all. It’s like being a tech wizard or an engineering rockstar in our own way.,0,0,1,0,0,1,0
"Do you think we can also include sensors? Maybe we could build and code a device that monitors water quality automatically. Coding is fun, and it would really boost our project.",0,1,0,1,1,0,0
"I love that! Using technology to experiment with design is what future engineers do. Science is fun, and math is awesome when we’re solving real problems.",0,0,1,0,0,1,0
"Perhaps we can even document every step—like how we prototype it, test it out, adjust the design, and eventually improve the model. It would be like a real engineering design process.",0,0,0,1,1,0,0
"Yes, and I think we should share our personal stories too. After a long school day, I can talk with my mom or dad about what we’re doing, and even my brother or sister might want to help out.",0,0,1,0,0,0,0
"I feel really proud thinking about how this project can support our community. It connects city residents and rural communities, and it shows real community spirit.",1,0,0,0,0,0,0
I wonder if our project could also be a model for climate risk reduction. Imagine if we could help our community adapt to climate change by designing a filter that’s both effective and sustainable.,0,1,0,1,0,0,0
That would be amazing! We could even host a community event where we invite everyone—from local neighbors to experts at the community center—to see our prototypes.,1,0,0,0,0,0,0
"And then we can ask, “What if we try a new design?” or “Could it be improved?” It’s all about experimenting and learning from each test run.",0,0,0,0,1,0,0
"Sometimes I think about when I visited my grandpa in the countryside. He used simple methods to keep water clean, and that inspired me to prototype something similar.",0,0,1,0,0,0,0
I agree! My family always talks about how even small actions can protect our water and the environment. It’s our personal story and our community project rolled into one.,1,0,1,0,0,0,0
"I want to build a model that not only reduces pollution but also shows how we can care for nature. I mean, science rocks, and I want to be a future innovator!",0,1,0,0,0,1,
"Yes, let’s tinker with ideas, try out different designs, and adjust our approach using trial and error. Even if something doesn’t work perfectly the first time, we’ll improve it step by step.",0,0,0,0,1,0,0
And imagine if our project inspires a real change—a local community event or even a city connection that builds community ties and supports our community.,1,0,0,0,0,0,0
"I really think this is more than just a school assignment. It’s about helping our community, protecting our environment, and making a difference where I’m from.",1,1,1,0,0,0,0
"I’m excited to experiment with sustainable materials, maybe even code a sensor to monitor water quality. This is how future engineers solve problems!",0,1,0,0,0,1,0
Let’s also consider designing our project so that it connects with both urban and rural pride. I want to see city residents and rural communities working together.,1,0,0,0,0,0,0
"Omg, stop interrupting, lol! JK—I'm just super pumped about all these ideas. We can build, prototype, and improve our model until it’s perfect.",0,0,0,0,1,0,1
"Exactly. Even if it’s challenging, we’ll use trial and error to fix it up. It’s like every test makes us smarter.",0,0,0,0,1,1,0
"I can’t wait to share these ideas with my family tonight. My mom, dad, and even my sister will be so proud when I tell them about our project to help our community.",1,0,1,0,0,0,0
"Science is fun, math is awesome, and together we can be the future engineers and innovators who change the world. Let’s build a model, experiment with designs, and support our community.",0,0,0,0,0,1,0
"Alright, team, I’m going to jot down all our ideas and start drafting a plan. Later, I’ll talk with my brother about some more ideas. Who else is ready to prototype it?",0,0,0,0,1,0,0
Count me in! I’m all for building a model that reduces pollution and protects our water. Let’s tinker with different designs and see which one works best.,0,0,0,0,1,0,0
"I love that we can experiment, test it out, and then improve the design through trial and error. It’s all part of being a future engineer.",0,0,0,0,1,0,0
"And if we run into problems, we can always adjust the design or try a new approach. It’s okay if it doesn’t work perfectly the first time.",0,0,0,0,1,0,0
Perhaps we could even organize a small community event later on to showcase our prototypes. Imagine if our project becomes a city connection for building community ties!,1,0,0,0,0,0,0
That would be epic! I really believe that by connecting with our neighbors—whether in the city or a rural community—we can make a real difference.,1,0,0,0,0,0,0
"Alright, guys, let’s log off for now and start working on our notes. I’m off to plan with my brother and experiment with some ideas. See you all tomorrow!",0,0,1,0,0,0,0
"Bye everyone, thanks for the amazing chat. I’m excited to share more ideas with my family and the community soon!",0,0,0,0,0,0,0
